{
	"system" : {
		"platform" : "windows64",
		"os_name" : "Windows 10",
		"os_version" : "10.0"
	},
	"error" : {
		"executable" : "quartus",
		"comment" : "not_applicable",
		"error_message" : "Access Violation at 0X00000000754352F2",
		"source_file" : "unknown",
		"line" : "0",
		"stack_trace" : "\t 0x754352f1: QtGui4 + 0x3a52f1 (?currentSubWindow@QMdiArea@@QEBAPEAVQMdiSubWindow@@XZ + 0x81)\n\t 0x7543441c: QtGui4 + 0x3a441c (??_FQMdiArea@@QEAAXXZ + 0x62c)\n\t 0x75436174: QtGui4 + 0x3a6174 (?eventFilter@QMdiArea@@MEAA_NPEAVQObject@@PEAVQEvent@@@Z + 0xb4)\n\t 0x75b40492: QtCore4 + 0x110492 (?sendThroughApplicationEventFilters@QCoreApplicationPrivate@@QEAA_NPEAVQObject@@PEAVQEvent@@@Z + 0x92)\n\t 0x750b2ebd: QtGui4 + 0x22ebd (?notify_helper@QApplicationPrivate@@QEAA_NPEAVQObject@@PEAVQEvent@@@Z + 0x1d)\n\t 0x750b2c2f: QtGui4 + 0x22c2f (?notify@QApplication@@UEAA_NPEAVQObject@@PEAVQEvent@@@Z + 0x17bf)\n\t 0x75b3e67b: QtCore4 + 0x10e67b (?notifyInternal@QCoreApplication@@AEAA_NPEAVQObject@@PEAVQEvent@@@Z + 0x7b)\n\t 0x750b6488: QtGui4 + 0x26488 (?setActiveWindow@QApplication@@SAXPEAVQWidget@@@Z + 0x278)\n\t 0x75117b41: QtGui4 + 0x87b41 (?winFocus@QApplication@@QEAAXPEAVQWidget@@_N@Z + 0x31)\n\t 0x7511890f: QtGui4 + 0x8890f (?winMouseButtonUp@QApplication@@SAXXZ + 0xd0f)\n\t0x7ff99973e857: USER32 + 0xe857 (CallWindowProcW + 0x3f7)\n\t0x7ff99973e3db: USER32 + 0xe3db (DispatchMessageW + 0x39b)\n\t0x7ff999750bc2: USER32 + 0x20bc2 (SendMessageTimeoutW + 0x142)\n\t0x7ff99ad50d73: ntdll + 0xa0d73 (KiUserCallbackDispatcher + 0x23)\n\t0x7ff9988a1063: win32u + 0x1063 (NtUserPeekMessage + 0x13)\n\t0x7ff99973a5c2: USER32 + 0xa5c2 (PeekMessageW + 0x1e2)\n\t0x7ff99973a522: USER32 + 0xa522 (PeekMessageW + 0x142)\n\t 0x75b637e3: QtCore4 + 0x1337e3 (?processEvents@QEventDispatcherWin32@@UEAA_NV?$QFlags@W4ProcessEventsFlag@QEventLoop@@@@@Z + 0x243)\n\t 0x75112074: QtGui4 + 0x82074 (?openPopup@QApplicationPrivate@@QEAAXPEAVQWidget@@@Z + 0x204)\n\t 0x75b3b5db: QtCore4 + 0x10b5db (?exec@QEventLoop@@QEAAHV?$QFlags@W4ProcessEventsFlag@QEventLoop@@@@@Z + 0x22b)\n\t 0x754b6920: QtGui4 + 0x426920 (?exec@QDialog@@QEAAHXZ + 0xf0)\n\t0x7ff9507beaf7: GCL_AFCQ + 0x9eaf7 (?internal_error_display@AFCQ_MSG_DISPLAY@@UEAAXV?$basic_string@DU?$char_traits@D@std@@V?$allocator@D@2@@std@@@Z + 0x277)\n\t0x7ff9842cd931: CCL_MSG + 0x1d931 (?internal_error@MSG_REPORT@@UEAAXAEBV?$basic_string@DU?$char_traits@D@std@@V?$allocator@D@2@@std@@@Z + 0xf1)\n\t0x7ff9842e82f7: CCL_MSG + 0x382f7 (?finalize@MSG_ERROR_INFO@@QEAAXXZ + 0x97)\n\t0x7ff9842e8d8f: CCL_MSG + 0x38d8f (?report_fatal@MSG_INTERNAL_ERROR@@SAXPEBDPEAX@Z + 0x6f)\n\t0x7ff98415451e: CCL_ERR + 0x451e (?err_report_fatal_exception@@YAXPEBDPEAX@Z + 0x7e)\n\t0x7ff984154399: CCL_ERR + 0x4399 (?err_handle_fatal_exception@@YAJPEAU_EXCEPTION_POINTERS@@@Z + 0xb9)\n\t0x7ff998690056: KERNELBASE + 0x110056 (UnhandledExceptionFilter + 0x1e6)\n\t0x7ff99ad7f567: ntdll + 0xcf567 (LdrResolveDelayLoadsFromDll + 0xb37)\n\t0x7ff99ad50cdf: ntdll + 0xa0cdf (KiUserApcDispatcher + 0x9f)\n\t0x7ff99ad5229e: ntdll + 0xa229e (__chkstk + 0x11e)\n\t0x7ff99ad01453: ntdll + 0x51453 (RtlRaiseException + 0x433)\n\t0x7ff99ad50dcd: ntdll + 0xa0dcd (KiUserExceptionDispatcher + 0x2d)\n\t 0x754352f1: QtGui4 + 0x3a52f1 (?currentSubWindow@QMdiArea@@QEBAPEAVQMdiSubWindow@@XZ + 0x81)\n\t 0x7543441c: QtGui4 + 0x3a441c (??_FQMdiArea@@QEAAXXZ + 0x62c)\n\t 0x75436174: QtGui4 + 0x3a6174 (?eventFilter@QMdiArea@@MEAA_NPEAVQObject@@PEAVQEvent@@@Z + 0xb4)\n\t 0x75b40492: QtCore4 + 0x110492 (?sendThroughApplicationEventFilters@QCoreApplicationPrivate@@QEAA_NPEAVQObject@@PEAVQEvent@@@Z + 0x92)\n\t 0x750b2ebd: QtGui4 + 0x22ebd (?notify_helper@QApplicationPrivate@@QEAA_NPEAVQObject@@PEAVQEvent@@@Z + 0x1d)\n\t 0x750b2c2f: QtGui4 + 0x22c2f (?notify@QApplication@@UEAA_NPEAVQObject@@PEAVQEvent@@@Z + 0x17bf)\n\t 0x75b3e67b: QtCore4 + 0x10e67b (?notifyInternal@QCoreApplication@@AEAA_NPEAVQObject@@PEAVQEvent@@@Z + 0x7b)\n\t 0x750b6488: QtGui4 + 0x26488 (?setActiveWindow@QApplication@@SAXPEAVQWidget@@@Z + 0x278)\n\t 0x75117b41: QtGui4 + 0x87b41 (?winFocus@QApplication@@QEAAXPEAVQWidget@@_N@Z + 0x31)\n\t 0x7511890f: QtGui4 + 0x8890f (?winMouseButtonUp@QApplication@@SAXXZ + 0xd0f)\n\t0x7ff99973e857: USER32 + 0xe857 (CallWindowProcW + 0x3f7)\n\t0x7ff99973e3db: USER32 + 0xe3db (DispatchMessageW + 0x39b)\n\t0x7ff999750bc2: USER32 + 0x20bc2 (SendMessageTimeoutW + 0x142)\n\t0x7ff99ad50d73: ntdll + 0xa0d73 (KiUserCallbackDispatcher + 0x23)\n\t0x7ff9988a1b23: win32u + 0x1b23 (NtUserShowWindow + 0x13)\n\t 0x7512b336: QtGui4 + 0x9b336 (?show_sys@QWidgetPrivate@@QEAAXXZ + 0x186)\n\t 0x75101f3e: QtGui4 + 0x71f3e (?show_helper@QWidgetPrivate@@QEAAXXZ + 0x22e)\n\t 0x75100ae8: QtGui4 + 0x70ae8 (?setVisible@QWidget@@UEAAX_N@Z + 0x308)\n\t 0x754b75ed: QtGui4 + 0x4275ed (?setVisible@QDialog@@UEAAX_N@Z + 0xcd)\n\t 0x754b68d1: QtGui4 + 0x4268d1 (?exec@QDialog@@QEAAHXZ + 0xa1)\n\t0x7ff9507beaf7: GCL_AFCQ + 0x9eaf7 (?internal_error_display@AFCQ_MSG_DISPLAY@@UEAAXV?$basic_string@DU?$char_traits@D@std@@V?$allocator@D@2@@std@@@Z + 0x277)\n\t0x7ff9842cd931: CCL_MSG + 0x1d931 (?internal_error@MSG_REPORT@@UEAAXAEBV?$basic_string@DU?$char_traits@D@std@@V?$allocator@D@2@@std@@@Z + 0xf1)\n\t0x7ff9842e82f7: CCL_MSG + 0x382f7 (?finalize@MSG_ERROR_INFO@@QEAAXXZ + 0x97)\n\t0x7ff9842e8d8f: CCL_MSG + 0x38d8f (?report_fatal@MSG_INTERNAL_ERROR@@SAXPEBDPEAX@Z + 0x6f)\n\t0x7ff98415451e: CCL_ERR + 0x451e (?err_report_fatal_exception@@YAXPEBDPEAX@Z + 0x7e)\n\t0x7ff984154399: CCL_ERR + 0x4399 (?err_handle_fatal_exception@@YAJPEAU_EXCEPTION_POINTERS@@@Z + 0xb9)\n\t0x7ff998690056: KERNELBASE + 0x110056 (UnhandledExceptionFilter + 0x1e6)\n\t0x7ff99ad7f567: ntdll + 0xcf567 (LdrResolveDelayLoadsFromDll + 0xb37)\n\t0x7ff99ad50cdf: ntdll + 0xa0cdf (KiUserApcDispatcher + 0x9f)\n\t0x7ff99ad5229e: ntdll + 0xa229e (__chkstk + 0x11e)\n\t0x7ff99ad01453: ntdll + 0x51453 (RtlRaiseException + 0x433)\n\t0x7ff99ad50dcd: ntdll + 0xa0dcd (KiUserExceptionDispatcher + 0x2d)\n\t 0x7543b9fc: QtGui4 + 0x3ab9fc (?subWindowList@QMdiArea@@QEBA?AV?$QList@PEAVQMdiSubWindow@@@@W4WindowOrder@1@@Z + 0x2bc)\n\t 0x75438f85: QtGui4 + 0x3a8f85 (?qt_metacast@QMdiArea@@UEAAPEAXPEBD@Z + 0x3e5)\n\t 0x7543a110: QtGui4 + 0x3aa110 (?resizeEvent@QMdiArea@@MEAAXPEAVQResizeEvent@@@Z + 0x240)\n\t 0x750f21fd: QtGui4 + 0x621fd (?event@QWidget@@MEAA_NPEAVQEvent@@@Z + 0x50d)\n\t 0x754154e6: QtGui4 + 0x3854e6 (?event@QFrame@@MEAA_NPEAVQEvent@@@Z + 0x36)\n\t 0x75b40552: QtCore4 + 0x110552 (?sendThroughObjectEventFilters@QCoreApplicationPrivate@@QEAA_NPEAVQObject@@PEAVQEvent@@@Z + 0x82)\n\t 0x750b2f81: QtGui4 + 0x22f81 (?notify_helper@QApplicationPrivate@@QEAA_NPEAVQObject@@PEAVQEvent@@@Z + 0xe1)\n\t 0x750b2c2f: QtGui4 + 0x22c2f (?notify@QApplication@@UEAA_NPEAVQObject@@PEAVQEvent@@@Z + 0x17bf)\n\t 0x75b3e67b: QtCore4 + 0x10e67b (?notifyInternal@QCoreApplication@@AEAA_NPEAVQObject@@PEAVQEvent@@@Z + 0x7b)\n\t 0x75129bed: QtGui4 + 0x99bed (?setGeometry_sys@QWidgetPrivate@@QEAAXHHHH_N@Z + 0xa7d)\n\t 0x750fd8e0: QtGui4 + 0x6d8e0 (?setGeometry@QWidget@@QEAAXAEBVQRect@@@Z + 0xb0)\n\t 0x75487000: QtGui4 + 0x3f7000 (?layoutChildren@QAbstractScrollAreaPrivate@@QEAAXXZ + 0x5e0)\n\t 0x7543c7a7: QtGui4 + 0x3ac7a7 (?trUtf8@QMdiArea@@SA?AVQString@@PEBD0H@Z + 0x947)\n\t 0x7543bedf: QtGui4 + 0x3abedf (?trUtf8@QMdiArea@@SA?AVQString@@PEBD0H@Z + 0x7f)\n\t 0x7543c9ea: QtGui4 + 0x3ac9ea (?viewportEvent@QMdiArea@@MEAA_NPEAVQEvent@@@Z + 0x17a)\n\t 0x75b40552: QtCore4 + 0x110552 (?sendThroughObjectEventFilters@QCoreApplicationPrivate@@QEAA_NPEAVQObject@@PEAVQEvent@@@Z + 0x82)\n\t 0x750b2f81: QtGui4 + 0x22f81 (?notify_helper@QApplicationPrivate@@QEAA_NPEAVQObject@@PEAVQEvent@@@Z + 0xe1)\n\t 0x750b2c2f: QtGui4 + 0x22c2f (?notify@QApplication@@UEAA_NPEAVQObject@@PEAVQEvent@@@Z + 0x17bf)\n\t 0x75b3e67b: QtCore4 + 0x10e67b (?notifyInternal@QCoreApplication@@AEAA_NPEAVQObject@@PEAVQEvent@@@Z + 0x7b)\n\t 0x7543e3f1: QtGui4 + 0x3ae3f1 (?closeEvent@QMdiSubWindow@@MEAAXPEAVQCloseEvent@@@Z + 0xa1)\n\t0x7ff952b2e342: SYS_QUI + 0x3e342 (?closeEvent@QUI_MDI_SUB_WND@@MEAAXPEAVQCloseEvent@@@Z + 0x182)\n\t 0x750f2211: QtGui4 + 0x62211 (?event@QWidget@@MEAA_NPEAVQEvent@@@Z + 0x521)\n\t 0x750b2f95: QtGui4 + 0x22f95 (?notify_helper@QApplicationPrivate@@QEAA_NPEAVQObject@@PEAVQEvent@@@Z + 0xf5)\n\t 0x750b2c2f: QtGui4 + 0x22c2f (?notify@QApplication@@UEAA_NPEAVQObject@@PEAVQEvent@@@Z + 0x17bf)\n\t 0x75b3e67b: QtCore4 + 0x10e67b (?notifyInternal@QCoreApplication@@AEAA_NPEAVQObject@@PEAVQEvent@@@Z + 0x7b)\n\t 0x750ef9",
		"subsystem" : "unknown"
	},
	"quartus" : {
		"quartus_bits" : "64",
		"version" : "20.1.1",
		"build" : "720",
		"edition" : "Lite Edition"
	}
}